{"cameraMode":{"drawMode":0,"name":"Shaded","section":"Shading Mode"},"sceneLighting":true,"audioPlay":false,"sceneViewState":{"m_AlwaysRefresh":false,"showFog":true,"showSkybox":true,"showFlares":true,"showImageEffects":true,"showParticleSystems":true,"showVisualEffectGraphs":true,"m_FxEnabled":true},"in2DMode":false,"pivot":{"x":-0.26878583431243899,"y":0.7843483090400696,"z":-0.557403564453125},"rotation":{"x":-0.045359332114458087,"y":0.9224580526351929,"z":-0.11432800441980362,"w":-0.3659825921058655},"size":3.713212490081787,"orthographic":false}